seed;sparsity;method;teacher_f1;sparse_f1;pre_ft_f1;final_f1;final_acc;teacher_params;sparse_nonzero;compact_params;compression;convert_time;finetune_time;total_time;f1_recovery
42;0.5;neuron_removal;0.9583304396138621;0.9583322916406243;0.9599995555506172;0.9633317036312725;0.9633333333333334;33666;17026;27509;1.2238176596750154;0.00333404541015625;0.6776430606842041;0.6809771060943604;1.0052187260371543
42;0.5;svd_compression;0.9583304396138621;0.9583322916406243;0.5998888580161156;0.961648662844502;0.9616666666666667;33666;17026;33666;1.0;0.006604909896850586;0.10121822357177734;0.10782313346862793;1.0034625042610323
42;0.5;knowledge_distill;0.9583304396138621;0.9583322916406243;0.9649975692756442;0.9633317036312725;0.9633333333333334;33666;17026;4505;7.473029966703662;0.3622610569000244;0.14948105812072754;0.511742115020752;1.0052187260371543
42;0.5;weight_redistribution;0.9583304396138621;0.9583322916406243;0.3220839389534884;0.9583322916406243;0.9583333333333334;33666;17026;4317;7.798471160528145;0.0034189224243164062;0.0824272632598877;0.0858461856842041;1.0000019325555003
42;0.5;evomerge;0.9583304396138621;0.9583322916406243;0.9633317036312725;0.9583332175922711;0.9583333333333334;33666;17026;17534;1.9200410630774496;3.5908401012420654;0.12627387046813965;3.717113971710205;1.0000028987688319
42;0.7;neuron_removal;0.9583304396138621;0.95999599959996;0.9583304396138621;0.9633186607976524;0.9633333333333334;33666;10370;20251;1.6624364228926967;0.0006010532379150391;0.09497809410095215;0.09557914733886719;1.0052051160827158
42;0.7;svd_compression;0.9583304396138621;0.95999599959996;0.6331335949572545;0.963326813655761;0.9633333333333334;33666;10370;33666;1.0;0.0020749568939208984;0.10062217712402344;0.10269713401794434;1.0052136234386044
42;0.7;knowledge_distill;0.9583304396138621;0.95999599959996;0.9616614483638051;0.9666651851193386;0.9666666666666667;33666;10370;2805;12.002139037433155;0.3090627193450928;0.07440805435180664;0.3834707736968994;1.0086971520061856
42;0.7;weight_redistribution;0.9583304396138621;0.95999599959996;0.4962132585994061;0.9599888858016116;0.96;33666;10370;2657;12.670681219420398;0.0004611015319824219;0.07774686813354492;0.07820796966552734;1.0017305577692155
42;0.7;evomerge;0.9583304396138621;0.95999599959996;0.9599982221432064;0.9616665601848895;0.9616666666666667;33666;10370;17219;1.9551658052151693;3.457087993621826;0.09975314140319824;3.5568411350250244;1.0034811798030454
42;0.8;neuron_removal;0.9583304396138621;0.9583304396138621;0.9583304396138621;0.9566661851798354;0.9566666666666667;33666;7042;17302;1.9457866142642468;0.0006229877471923828;0.0967259407043457;0.09734892845153809;0.9982633814337596
42;0.8;svd_compression;0.9583304396138621;0.9583304396138621;0.6283075213556497;0.9599928876244666;0.96;33666;7042;33666;1.0;0.0021157264709472656;0.10125517845153809;0.10337090492248535;1.0017347335969775
42;0.8;knowledge_distill;0.9583304396138621;0.9583304396138621;0.9583332175922711;0.95999599959996;0.96;33666;7042;1945;17.30899742930591;0.29762697219848633;0.06936025619506836;0.3669872283935547;1.0017379808855587
42;0.8;weight_redistribution;0.9583304396138621;0.9583304396138621;0.3835546067877487;0.9649781113195748;0.965;33666;7042;1822;18.4774972557629;0.00043487548828125;0.06823015213012695;0.0686650276184082;1.006936721855972
42;0.8;evomerge;0.9583304396138621;0.9583304396138621;0.9583304396138621;0.9583322916406243;0.9583333333333334;33666;7042;17783;1.8931563853118147;3.49180006980896;0.10111165046691895;3.592911720275879;1.0000019325555003
42;0.9;neuron_removal;0.9583304396138621;0.7492908344024765;0.7532314923619272;0.9683311341065352;0.9683333333333334;33666;3714;8139;4.136380390711389;0.0005061626434326172;0.08980607986450195;0.09031224250793457;1.01043553880716
42;0.9;svd_compression;0.9583304396138621;0.7492908344024765;0.6737651390723999;0.9616580397256049;0.9616666666666667;33666;3714;33666;1.0;0.0019960403442382812;0.10214495658874512;0.1041409969329834;1.0034722888621628
42;0.9;knowledge_distill;0.9583304396138621;0.7492908344024765;0.9599982221432064;0.9599928876244666;0.96;33666;3714;1073;31.375582479030754;0.2966940402984619;0.06764101982116699;0.3643350601196289;1.0017347335969775
42;0.9;weight_redistribution;0.9583304396138621;0.7492908344024765;0.8019580419580419;0.9616665601848895;0.9616666666666667;33666;3714;982;34.283095723014256;0.0003650188446044922;0.06749105453491211;0.0678560733795166;1.0034811798030454
42;0.9;evomerge;0.9583304396138621;0.7492908344024765;0.64349376114082;0.9633333333333334;0.9633333333333334;33666;3714;16365;2.0571952337305226;3.298128843307495;0.09716296195983887;3.395291805267334;1.0052204266009614
42;0.95;neuron_removal;0.9583304396138621;0.3333333333333333;0.3333333333333333;0.3333333333333333;0.5;33666;2050;4997;6.737242345407244;0.0004839897155761719;0.08293914794921875;0.08342313766479492;0.34782713723216657
42;0.95;svd_compression;0.9583304396138621;0.3333333333333333;0.3333333333333333;0.9699996666629629;0.97;33666;2050;33666;1.0;0.0017790794372558594;0.10089802742004395;0.1026771068572998;1.0121766215146026
42;0.95;knowledge_distill;0.9583304396138621;0.3333333333333333;0.9583332175922711;0.9616657083093744;0.9616666666666667;33666;2050;982;34.283095723014256;0.2941718101501465;0.06880426406860352;0.36297607421875;1.0034802908867804
42;0.95;weight_redistribution;0.9583304396138621;0.3333333333333333;0.2275194792165955;0.9633231453181439;0.9633333333333334;33666;2050;982;34.283095723014256;0.0003662109375;0.06786704063415527;0.06823325157165527;1.0052097955964892
42;0.95;evomerge;0.9583304396138621;0.3333333333333333;0.3333333333333333;0.9633186607976524;0.9633333333333334;33666;2050;17429;1.9316082391416605;3.3611690998077393;0.09718680381774902;3.4583559036254883;1.0052051160827158
123;0.5;neuron_removal;0.9566589615931721;0.95999599959996;0.95999599959996;0.9633231453181439;0.9633333333333334;33666;17026;25282;1.331619333913456;0.0005180835723876953;0.09798717498779297;0.09850525856018066;1.0069661018111131
123;0.5;svd_compression;0.9566589615931721;0.95999599959996;0.6293758914632914;0.961648662844502;0.9616666666666667;33666;17026;33666;1.0;0.0022449493408203125;0.10259580612182617;0.10484075546264648;1.0052157576018734
123;0.5;knowledge_distill;0.9566589615931721;0.95999599959996;0.9649952354626046;0.9666651851193386;0.9666666666666667;33666;17026;4505;7.473029966703662;0.3181729316711426;0.07477092742919922;0.3929438591003418;1.0104595513426256
123;0.5;weight_redistribution;0.9566589615931721;0.95999599959996;0.3314585875736191;0.9666651851193386;0.9666666666666667;33666;17026;4317;7.798471160528145;0.0005538463592529297;0.07559084892272949;0.07614469528198242;1.0104595513426256
123;0.5;evomerge;0.9566589615931721;0.95999599959996;0.9599888858016116;0.9566358299235012;0.9566666666666667;33666;17026;19844;1.6965329570651078;3.561171054840088;0.12608790397644043;3.6872589588165283;0.9999758203596061
123;0.7;neuron_removal;0.9566589615931721;0.9616614483638051;0.9616614483638051;0.961648662844502;0.9616666666666667;33666;10370;17607;1.9120804225592094;0.0005700588226318359;0.09674191474914551;0.09731197357177734;1.0052157576018734
123;0.7;svd_compression;0.9566589615931721;0.9616614483638051;0.6359050221057665;0.96999466571835;0.97;33666;10370;33666;1.0;0.0021479129791259766;0.1006460189819336;0.10279393196105957;1.0139398726824962
123;0.7;knowledge_distill;0.9566589615931721;0.9616614483638051;0.9649999027775078;0.9549638459763532;0.955;33666;10370;2805;12.002139037433155;0.31583213806152344;0.07459592819213867;0.3904280662536621;0.9982280878715692
123;0.7;weight_redistribution;0.9566589615931721;0.9616614483638051;0.3333333333333333;0.9649975692756442;0.965;33666;10370;2657;12.670681219420398;0.0005121231079101562;0.07431507110595703;0.07482719421386719;1.0087163848531617
123;0.7;evomerge;0.9566589615931721;0.9616614483638051;0.9583193239950094;0.9666607396870555;0.9666666666666667;33666;10370;19634;1.714678618722624;3.5197691917419434;0.10037708282470703;3.6201462745666504;1.010454904511872
123;0.8;neuron_removal;0.9566589615931721;0.9616614483638051;0.9616614483638051;0.9649975692756442;0.965;33666;7042;14399;2.338079033266199;0.0004930496215820312;0.09082818031311035;0.09132122993469238;1.0087163848531617
123;0.8;svd_compression;0.9566589615931721;0.9616614483638051;0.6311654055504018;0.9716665879627444;0.9716666666666667;33666;7042;33666;1.0;0.002053976058959961;0.10237693786621094;0.1044309139251709;1.0156875406723618
123;0.8;knowledge_distill;0.9566589615931721;0.9616614483638051;0.963326813655761;0.9649952354626046;0.965;33666;7042;1945;17.30899742930591;0.29529881477355957;0.07053780555725098;0.36583662033081055;1.0087139453076879
123;0.8;weight_redistribution;0.9566589615931721;0.9616614483638051;0.3333333333333333;0.9699996666629629;0.97;33666;7042;1822;18.4774972557629;0.0004451274871826172;0.06917381286621094;0.06961894035339355;1.0139451001928355
123;0.8;evomerge;0.9566589615931721;0.9616614483638051;0.963326813655761;0.9616426933500104;0.9616666666666667;33666;7042;19319;1.7426367824421554;3.6571667194366455;0.09859323501586914;3.7557599544525146;1.005209517661904
123;0.9;neuron_removal;0.9566589615931721;0.956643061222221;0.9583137639614152;0.9749993749843746;0.975;33666;3714;7519;4.477457108658066;0.0005083084106445312;0.09035015106201172;0.09085845947265625;1.01917131823096
123;0.9;svd_compression;0.9566589615931721;0.956643061222221;0.619488423324692;0.9666607396870555;0.9666666666666667;33666;3714;33666;1.0;0.001730203628540039;0.10154223442077637;0.1032724380493164;1.010454904511872
123;0.9;knowledge_distill;0.9566589615931721;0.956643061222221;0.9633329259213992;0.9683290225614042;0.9683333333333334;33666;3714;1073;31.375582479030754;0.2973198890686035;0.06929373741149902;0.36661362648010254;1.012198768251538
123;0.9;weight_redistribution;0.9566589615931721;0.956643061222221;0.4842654126712844;0.9666666666666667;0.9666666666666667;33666;3714;982;34.283095723014256;0.0004029273986816406;0.06905817985534668;0.06946110725402832;1.010461100010842
123;0.9;evomerge;0.9566589615931721;0.956643061222221;0.9583072753804461;0.9666633329999668;0.9666666666666667;33666;3714;18257;1.8440050391630607;3.4814200401306152;0.10230588912963867;3.583725929260254;1.010457615313752
123;0.95;neuron_removal;0.9566589615931721;0.3333333333333333;0.3333333333333333;0.9699996666629629;0.97;33666;2050;4346;7.74643350207087;0.0004508495330810547;0.08320999145507812;0.08366084098815918;1.0139451001928355
123;0.95;svd_compression;0.9566589615931721;0.3333333333333333;0.3333333333333333;0.9616537780754086;0.9616666666666667;33666;2050;33666;1.0;0.0017998218536376953;0.10063791275024414;0.10243773460388184;1.0052211045761996
123;0.95;knowledge_distill;0.9566589615931721;0.3333333333333333;0.8589678599647137;0.959983993597439;0.96;33666;2050;982;34.283095723014256;0.2946488857269287;0.06801891326904297;0.3626677989959717;1.0034756712033823
123;0.95;weight_redistribution;0.9566589615931721;0.3333333333333333;0.6525553200926519;0.9583276612650056;0.9583333333333334;33666;2050;982;34.283095723014256;0.0003688335418701172;0.06927204132080078;0.0696408748626709;1.001744299419988
123;0.95;evomerge;0.9566589615931721;0.3333333333333333;0.3333333333333333;0.9666651851193386;0.9666666666666667;33666;2050;19319;1.7426367824421554;3.5691208839416504;0.10056304931640625;3.6696839332580566;1.0104595513426256
999;0.5;neuron_removal;0.9733330370337449;0.9716665879627444;0.9716665879627444;0.9716659583156246;0.9716666666666667;33666;17026;26592;1.2660198555956679;0.000537872314453125;0.10115194320678711;0.10168981552124023;0.9982872473709505
999;0.5;svd_compression;0.9733330370337449;0.9716665879627444;0.6232407435832317;0.9633186607976524;0.9633333333333334;33666;17026;33666;1.0;0.0022399425506591797;0.10270500183105469;0.10494494438171387;0.9897112541596127
999;0.5;knowledge_distill;0.9733330370337449;0.9716665879627444;0.9749993749843746;0.9749965967590033;0.975;33666;17026;4505;7.473029966703662;0.3170759677886963;0.07516789436340332;0.3922438621520996;1.0017091372243236
999;0.5;weight_redistribution;0.9733330370337449;0.9716665879627444;0.20355555555555555;0.9749943737340903;0.975;33666;17026;4317;7.798471160528145;0.0005753040313720703;0.07439112663269043;0.0749664306640625;1.0017068532939233
999;0.5;evomerge;0.9733330370337449;0.9716665879627444;0.9733330370337449;0.9666651851193386;0.9666666666666667;33666;17026;18374;1.8322629802982475;3.4213688373565674;0.09948396682739258;3.52085280418396;0.9931494651258046
999;0.7;neuron_removal;0.9733330370337449;0.9716659583156246;0.9716659583156246;0.9683311341065352;0.9683333333333334;33666;10370;17342;1.9412985814784915;0.0005700588226318359;0.1277768611907959;0.12834692001342773;0.9948610570720449
999;0.7;svd_compression;0.9733330370337449;0.9716659583156246;0.6161743138487324;0.9515955390003644;0.9516666666666667;33666;10370;33666;1.0;0.0021431446075439453;0.10118603706359863;0.10332918167114258;0.9776669472767245
999;0.7;knowledge_distill;0.9733330370337449;0.9716659583156246;0.9733306663999733;0.9716602902319689;0.9716666666666667;33666;10370;2805;12.002139037433155;0.3115880489349365;0.07385873794555664;0.38544678688049316;0.9982814239955589
999;0.7;weight_redistribution;0.9733330370337449;0.9716659583156246;0.3483922286511283;0.9699996666629629;0.97;33666;10370;2657;12.670681219420398;0.0004928112030029297;0.07371973991394043;0.07421255111694336;0.9965753033710429
999;0.7;evomerge;0.9733330370337449;0.9716659583156246;0.9733330370337449;0.9699996666629629;0.97;33666;10370;19634;1.714678618722624;3.5135862827301025;0.1001288890838623;3.613715171813965;0.9965753033710429
999;0.8;neuron_removal;0.9733330370337449;0.9716659583156246;0.9716659583156246;0.97;0.97;33666;7042;10700;3.146355140186916;0.0004899501800537109;0.08839106559753418;0.08888101577758789;0.9965756458407059
999;0.8;svd_compression;0.9733330370337449;0.9716659583156246;0.6200614261923292;0.9666633329999668;0.9666666666666667;33666;7042;33666;1.0;0.0018379688262939453;0.10109186172485352;0.10292983055114746;0.9931475622628569
999;0.8;knowledge_distill;0.9733330370337449;0.9716659583156246;0.96999466571835;0.96999699969997;0.97;33666;7042;1945;17.30899742930591;0.296781063079834;0.06883978843688965;0.36562085151672363;0.9965725633397368
999;0.8;weight_redistribution;0.9733330370337449;0.9716659583156246;0.23327396590613467;0.9733321480954709;0.9733333333333334;33666;7042;1822;18.4774972557629;0.00043487548828125;0.06879091262817383;0.06922578811645508;0.9999990867069747
999;0.8;evomerge;0.9733330370337449;0.9716659583156246;0.9683311341065352;0.9699986666074047;0.97;33666;7042;18899;1.781364093338272;3.5400431156158447;0.10017824172973633;3.640221357345581;0.9965742759163897
999;0.9;neuron_removal;0.9733330370337449;0.9683332453701261;0.9683332453701261;0.9716665879627444;0.9716666666666667;33666;3714;8990;3.7448275862068967;0.00047707557678222656;0.08812904357910156;0.08860611915588379;0.9982878942688733
999;0.9;svd_compression;0.9733330370337449;0.9683332453701261;0.6197803923327987;0.9733333333333334;0.9733333333333334;33666;3714;33666;1.0;0.0017549991607666016;0.10216903686523438;0.10392403602600098;1.0000003044174781
999;0.9;knowledge_distill;0.9733330370337449;0.9683332453701261;0.9733333333333334;0.9716646989374262;0.9716666666666667;33666;3714;1073;31.375582479030754;0.2975151538848877;0.06905174255371094;0.36656689643859863;0.998285953488846
999;0.9;weight_redistribution;0.9733330370337449;0.9683332453701261;0.5595894607843137;0.9733333333333334;0.9733333333333334;33666;3714;982;34.283095723014256;0.00037598609924316406;0.06780171394348145;0.06817770004272461;1.0000003044174781
999;0.9;evomerge;0.9733330370337449;0.9683332453701261;0.9616640044447531;0.9716665879627444;0.9716666666666667;33666;3714;18584;1.811558329746018;3.533062219619751;0.12357616424560547;3.6566383838653564;0.9982878942688733
999;0.95;neuron_removal;0.9733330370337449;0.3333333333333333;0.3333333333333333;0.3333333333333333;0.5;33666;2050;5828;5.776595744680851;0.0005369186401367188;0.08740806579589844;0.08794498443603516;0.3424658576772185
999;0.95;svd_compression;0.9733330370337449;0.3333333333333333;0.3333333333333333;0.9716659583156246;0.9716666666666667;33666;2050;33666;1.0;0.0017409324645996094;0.10313725471496582;0.10487818717956543;0.9982872473709505
999;0.95;knowledge_distill;0.9733330370337449;0.3333333333333333;0.9766643330999767;0.9599782103589731;0.96;33666;2050;982;34.283095723014256;0.2960031032562256;0.06924581527709961;0.3652489185333252;0.9862792834860811
999;0.95;weight_redistribution;0.9733330370337449;0.3333333333333333;0.7532894736842105;0.9699996666629629;0.97;33666;2050;982;34.283095723014256;0.0003688335418701172;0.06946778297424316;0.06983661651611328;0.9965753033710429
999;0.95;evomerge;0.9733330370337449;0.3333333333333333;0.3333333333333333;0.9683325416468745;0.9683333333333334;33666;2050;19004;1.771521784887392;3.193382978439331;0.10065293312072754;3.2940359115600586;0.9948625031755735
